id,path,region,color_code,color_name,decor_code,decor_name,corner_type,scene_name,scene_id,scene_view,description,price
1,NO_Market_2400\\Web\\0087_Hanoi\\0087_Hanoi_M00_Bathroom_web.jpg,NO_Market_2400,0087,Hanoi,M00,,,Bathroom,Web,,,144.68
2,NO_Market_2400\\Web\\0087_Hanoi\\0087_Hanoi_M0303_Bathroom_web.jpg,NO_Market_2400,0087,Hanoi,M0303,,,Bathroom,Web,,,124.75
3,NO_Market_2400\\Web\\0087_Hanoi\\0087_Hanoi_M10_Bathroom_web.jpg,NO_Market_2400,0087,Hanoi,M10,,,Bathroom,Web,,,144.33
4,NO_Market_2400\\Web\\0087_Hanoi\\0087_Hanoi_M3005_Bathroom_web.jpg,NO_Market_2400,0087,Hanoi,M3005,,,Bathroom,Web,,,145.95
5,NO_Market_2400\\Web\\0087_Hanoi\\0087_Hanoi_M6015_Bathroom_web.jpg,NO_Market_2400,0087,Hanoi,M6015,,,Bathroom,Web,,,128.29
6,NO_Market_2400\\Web\\0087_Hanoi\\0087_Hanoi_M6020_Bathroom_web.jpg,NO_Market_2400,0087,Hanoi,M6020,,,Bathroom,Web,,,197.18
7,NO_Market_2400\\Web\\0087_Hanoi\\0087_Hanoi_M6030_Bathroom_web.jpg,NO_Market_2400,0087,Hanoi,M6030,,,Bathroom,Web,,,127.26
8,NO_Market_2400\\Web\\0087_Hanoi\\0087_Hanoi_M6040_Bathroom_web.jpg,NO_Market_2400,0087,Hanoi,M6040,,,Bathroom,Web,,,152.05
9,NO_Market_2400\\Web\\0087_Hanoi\\0087_Hanoi_M6060_Bathroom_web.jpg,NO_Market_2400,0087,Hanoi,M6060,,,Bathroom,Web,,,179.09
10,NO_Market_2400\\Web\\0089_Aberdeen\\0089_Aberdeen_M00_Bathroom_web.jpg,NO_Market_2400,0089,Aberdeen,M00,,,Bathroom,Web,,,117.37
11,NO_Market_2400\\Web\\0089_Aberdeen\\0089_Aberdeen_M0303_Bathroom_web.jpg,NO_Market_2400,0089,Aberdeen,M0303,,,Bathroom,Web,,,188.73
12,NO_Market_2400\\Web\\0089_Aberdeen\\0089_Aberdeen_M10_Bathroom_web.jpg,NO_Market_2400,0089,Aberdeen,M10,,,Bathroom,Web,,,132.62
13,NO_Market_2400\\Web\\0089_Aberdeen\\0089_Aberdeen_M3005_Bathroom_web.jpg,NO_Market_2400,0089,Aberdeen,M3005,,,Bathroom,Web,,,168.81
14,NO_Market_2400\\Web\\0089_Aberdeen\\0089_Aberdeen_M6015_Bathroom_web.jpg,NO_Market_2400,0089,Aberdeen,M6015,,,Bathroom,Web,,,123.92
15,NO_Market_2400\\Web\\0089_Aberdeen\\0089_Aberdeen_M6020_Bathroom_web.jpg,NO_Market_2400,0089,Aberdeen,M6020,,,Bathroom,Web,,,141.05
16,NO_Market_2400\\Web\\0089_Aberdeen\\0089_Aberdeen_M6030_Bathroom_web.jpg,NO_Market_2400,0089,Aberdeen,M6030,,,Bathroom,Web,,,154.59
17,NO_Market_2400\\Web\\0089_Aberdeen\\0089_Aberdeen_M6040_Bathroom_web.jpg,NO_Market_2400,0089,Aberdeen,M6040,,,Bathroom,Web,,,134.65
18,NO_Market_2400\\Web\\0089_Aberdeen\\0089_Aberdeen_M6060_Bathroom_web.jpg,NO_Market_2400,0089,Aberdeen,M6060,,,Bathroom,Web,,,121.71
19,NO_Market_2400\\Web\\0089_Aberdeen\\0089_Aberdeen_M74_Bathroom_web.jpg,NO_Market_2400,0089,Aberdeen,M74,,,Bathroom,Web,,,197.09
20,NO_Market_2400\\Web\\0090_Svalbard\\0090_Svalbard_M00_Bathroom_web.jpg,NO_Market_2400,0090,Svalbard,M00,,,Bathroom,Web,,,145.97
21,NO_Market_2400\\Web\\0090_Svalbard\\0090_Svalbard_M0303_Bathroom_web.jpg,NO_Market_2400,0090,Svalbard,M0303,,,Bathroom,Web,,,129.49
22,NO_Market_2400\\Web\\0090_Svalbard\\0090_Svalbard_M10_Bathroom_web.jpg,NO_Market_2400,0090,Svalbard,M10,,,Bathroom,Web,,,113.35
23,NO_Market_2400\\Web\\0090_Svalbard\\0090_Svalbard_M3005_Bathroom_web.jpg,NO_Market_2400,0090,Svalbard,M3005,,,Bathroom,Web,,,177.60
24,NO_Market_2400\\Web\\0090_Svalbard\\0090_Svalbard_M6015_Bathroom_web.jpg,NO_Market_2400,0090,Svalbard,M6015,,,Bathroom,Web,,,161.41
25,NO_Market_2400\\Web\\0090_Svalbard\\0090_Svalbard_M6020_Bathroom_web.jpg,NO_Market_2400,0090,Svalbard,M6020,,,Bathroom,Web,,,135.82
26,NO_Market_2400\\Web\\0090_Svalbard\\0090_Svalbard_M6030_Bathroom_web.jpg,NO_Market_2400,0090,Svalbard,M6030,,,Bathroom,Web,,,120.52
27,NO_Market_2400\\Web\\0090_Svalbard\\0090_Svalbard_M6040_Bathroom_web.jpg,NO_Market_2400,0090,Svalbard,M6040,,,Bathroom,Web,,,164.06
28,NO_Market_2400\\Web\\0090_Svalbard\\0090_Svalbard_M6060_Bathroom_web.jpg,NO_Market_2400,0090,Svalbard,M6060,,,Bathroom,Web,,,148.92
29,NO_Market_2400\\Web\\0090_Svalbard\\0090_Svalbard_M74_Bathroom_web.jpg,NO_Market_2400,0090,Svalbard,M74,,,Bathroom,Web,,,112.02
30,NO_Market_2400\\Web\\0145_SoftCement\\0145_SoftCement_Bathroom_web.jpg,NO_Market_2400,0145,SoftCement,M00,,,Bathroom,Web,,,179.47
31,NO_Market_2400\\Web\\0164_OakNature\\0164_OakNature_Bathroom_web.jpg,NO_Market_2400,0164,OakNature,M00,,,Bathroom,Web,,,129.29
32,NO_Market_2400\\Web\\0194_MarinaGreyOak\\0194_MarinaGreyOak_M00_Bathroom_web.jpg,NO_Market_2400,0194,MarinaGreyOak,M00,,,Bathroom,Web,,,171.31
33,NO_Market_2400\\Web\\0194_MarinaGreyOak\\0194_MarinaGreyOak_M6040_Bathroom_web.jpg,NO_Market_2400,0194,MarinaGreyOak,M6040,,,Bathroom,Web,,,147.26
34,NO_Market_2400\\Web\\0196_OceanBlue\\0196_OceanBlue_M00_Bathroom_web.jpg,NO_Market_2400,0196,OceanBlue,M00,,,Bathroom,Web,,,146.22
35,NO_Market_2400\\Web\\0196_OceanBlue\\0196_OceanBlue_M0303_Bathroom_web.jpg,NO_Market_2400,0196,OceanBlue,M0303,,,Bathroom,Web,,,163.75
36,NO_Market_2400\\Web\\0196_OceanBlue\\0196_OceanBlue_M10_Bathroom_web.jpg,NO_Market_2400,0196,OceanBlue,M10,,,Bathroom,Web,,,123.16
37,NO_Market_2400\\Web\\0196_OceanBlue\\0196_OceanBlue_M3005_Bathroom_web.jpg,NO_Market_2400,0196,OceanBlue,M3005,,,Bathroom,Web,,,141.79
38,NO_Market_2400\\Web\\0196_OceanBlue\\0196_OceanBlue_M6015_Bathroom_web.jpg,NO_Market_2400,0196,OceanBlue,M6015,,,Bathroom,Web,,,192.71
39,NO_Market_2400\\Web\\0196_OceanBlue\\0196_OceanBlue_M6020_Bathroom_web.jpg,NO_Market_2400,0196,OceanBlue,M6020,,,Bathroom,Web,,,185.55
40,NO_Market_2400\\Web\\0196_OceanBlue\\0196_OceanBlue_M6030_Bathroom_web.jpg,NO_Market_2400,0196,OceanBlue,M6030,,,Bathroom,Web,,,180.02
41,NO_Market_2400\\Web\\0196_OceanBlue\\0196_OceanBlue_M6040_Bathroom_web.jpg,NO_Market_2400,0196,OceanBlue,M6040,,,Bathroom,Web,,,106.91
42,NO_Market_2400\\Web\\0196_OceanBlue\\0196_OceanBlue_M6060_Bathroom_web.jpg,NO_Market_2400,0196,OceanBlue,M6060,,,Bathroom,Web,,,176.03
43,NO_Market_2400\\Web\\0433_Reykjavik\\0433_Reykjavik_M00_Bathroom_web.jpg,NO_Market_2400,0433,Reykjavik,M00,,,Bathroom,Web,,,118.72
44,NO_Market_2400\\Web\\0433_Reykjavik\\0433_Reykjavik_M0303_Bathroom_web.jpg,NO_Market_2400,0433,Reykjavik,M0303,,,Bathroom,Web,,,137.47
45,NO_Market_2400\\Web\\0433_Reykjavik\\0433_Reykjavik_M10_Bathroom_web.jpg,NO_Market_2400,0433,Reykjavik,M10,,,Bathroom,Web,,,127.71
46,NO_Market_2400\\Web\\0433_Reykjavik\\0433_Reykjavik_M3005_Bathroom_web.jpg,NO_Market_2400,0433,Reykjavik,M3005,,,Bathroom,Web,,,160.12
47,NO_Market_2400\\Web\\0433_Reykjavik\\0433_Reykjavik_M6015_Bathroom_web.jpg,NO_Market_2400,0433,Reykjavik,M6015,,,Bathroom,Web,,,119.12
48,NO_Market_2400\\Web\\0433_Reykjavik\\0433_Reykjavik_M6020_Bathroom_web.jpg,NO_Market_2400,0433,Reykjavik,M6020,,,Bathroom,Web,,,121.56
49,NO_Market_2400\\Web\\0433_Reykjavik\\0433_Reykjavik_M6030_Bathroom_web.jpg,NO_Market_2400,0433,Reykjavik,M6030,,,Bathroom,Web,,,129.57
50,NO_Market_2400\\Web\\0433_Reykjavik\\0433_Reykjavik_M6040_Bathroom_web.jpg,NO_Market_2400,0433,Reykjavik,M6040,,,Bathroom,Web,,,145.80
51,NO_Market_2400\\Web\\0433_Reykjavik\\0433_Reykjavik_M6060_Bathroom_web.jpg,NO_Market_2400,0433,Reykjavik,M6060,,,Bathroom,Web,,,146.86
52,NO_Market_2400\\Web\\0528_Lima\\0528_Lima_M00_Bathroom_web.jpg,NO_Market_2400,0528,Lima,M00,,,Bathroom,Web,,,112.91
53,NO_Market_2400\\Web\\0528_Lima\\0528_Lima_M0303_Bathroom_web.jpg,NO_Market_2400,0528,Lima,M0303,,,Bathroom,Web,,,143.52
54,NO_Market_2400\\Web\\0528_Lima\\0528_Lima_M10_Bathroom_web.jpg,NO_Market_2400,0528,Lima,M10,,,Bathroom,Web,,,120.56
55,NO_Market_2400\\Web\\0528_Lima\\0528_Lima_M3005_Bathroom_web.jpg,NO_Market_2400,0528,Lima,M3005,,,Bathroom,Web,,,181.51
56,NO_Market_2400\\Web\\0528_Lima\\0528_Lima_M6015_Bathroom_web.jpg,NO_Market_2400,0528,Lima,M6015,,,Bathroom,Web,,,120.03
57,NO_Market_2400\\Web\\0528_Lima\\0528_Lima_M6020_Bathroom_web.jpg,NO_Market_2400,0528,Lima,M6020,,,Bathroom,Web,,,108.30
58,NO_Market_2400\\Web\\0528_Lima\\0528_Lima_M6030_Bathroom_web.jpg,NO_Market_2400,0528,Lima,M6030,,,Bathroom,Web,,,133.24
59,NO_Market_2400\\Web\\0528_Lima\\0528_Lima_M6040_Bathroom_web.jpg,NO_Market_2400,0528,Lima,M6040,,,Bathroom,Web,,,124.47
60,NO_Market_2400\\Web\\0528_Lima\\0528_Lima_M6060_Bathroom_web.jpg,NO_Market_2400,0528,Lima,M6060,,,Bathroom,Web,,,191.72
61,NO_Market_2400\\Web\\0530_Kingston\\0530_Kingston_M00_Bathroom_web.jpg,NO_Market_2400,0530,Kingston,M00,,,Bathroom,Web,,,146.27
62,NO_Market_2400\\Web\\0530_Kingston\\0530_Kingston_M0303_Bathroom_web.jpg,NO_Market_2400,0530,Kingston,M0303,,,Bathroom,Web,,,186.04
63,NO_Market_2400\\Web\\0530_Kingston\\0530_Kingston_M10_Bathroom_web.jpg,NO_Market_2400,0530,Kingston,M10,,,Bathroom,Web,,,171.65
64,NO_Market_2400\\Web\\0530_Kingston\\0530_Kingston_M3005_Bathroom_web.jpg,NO_Market_2400,0530,Kingston,M3005,,,Bathroom,Web,,,144.24
65,NO_Market_2400\\Web\\0530_Kingston\\0530_Kingston_M6015_Bathroom_web.jpg,NO_Market_2400,0530,Kingston,M6015,,,Bathroom,Web,,,157.05
66,NO_Market_2400\\Web\\0530_Kingston\\0530_Kingston_M6020_Bathroom_web.jpg,NO_Market_2400,0530,Kingston,M6020,,,Bathroom,Web,,,108.05
67,NO_Market_2400\\Web\\0530_Kingston\\0530_Kingston_M6030_Bathroom_web.jpg,NO_Market_2400,0530,Kingston,M6030,,,Bathroom,Web,,,112.41
68,NO_Market_2400\\Web\\0530_Kingston\\0530_Kingston_M6040_Bathroom_web.jpg,NO_Market_2400,0530,Kingston,M6040,,,Bathroom,Web,,,135.82
69,NO_Market_2400\\Web\\0530_Kingston\\0530_Kingston_M6060_Bathroom_web.jpg,NO_Market_2400,0530,Kingston,M6060,,,Bathroom,Web,,,134.94
70,NO_Market_2400\\Web\\1035_SilverSlate\\1035_SilverSlate_Bathroom_web.jpg,NO_Market_2400,1035,SilverSlate,M00,,,Bathroom,Web,,,163.10
71,NO_Market_2400\\Web\\1091_RhodosWhite\\1091_RhodosWhite_M00_Bathroom_web.jpg,NO_Market_2400,1091,RhodosWhite,M00,,,Bathroom,Web,,,137.87
72,NO_Market_2400\\Web\\1091_RhodosWhite\\1091_RhodosWhite_M0303_Bathroom_web.jpg,NO_Market_2400,1091,RhodosWhite,M0303,,,Bathroom,Web,,,190.23
73,NO_Market_2400\\Web\\1091_RhodosWhite\\1091_RhodosWhite_M10_Bathroom_web.jpg,NO_Market_2400,1091,RhodosWhite,M10,,,Bathroom,Web,,,149.43
74,NO_Market_2400\\Web\\1091_RhodosWhite\\1091_RhodosWhite_M3005_Bathroom_web.jpg,NO_Market_2400,1091,RhodosWhite,M3005,,,Bathroom,Web,,,189.05
75,NO_Market_2400\\Web\\1091_RhodosWhite\\1091_RhodosWhite_M6015_Bathroom_web.jpg,NO_Market_2400,1091,RhodosWhite,M6015,,,Bathroom,Web,,,196.43
76,NO_Market_2400\\Web\\1091_RhodosWhite\\1091_RhodosWhite_M6020_Bathroom_web.jpg,NO_Market_2400,1091,RhodosWhite,M6020,,,Bathroom,Web,,,102.39
77,NO_Market_2400\\Web\\1091_RhodosWhite\\1091_RhodosWhite_M6030_Bathroom_web.jpg,NO_Market_2400,1091,RhodosWhite,M6030,,,Bathroom,Web,,,104.51
78,NO_Market_2400\\Web\\1091_RhodosWhite\\1091_RhodosWhite_M6040_Bathroom_web.jpg,NO_Market_2400,1091,RhodosWhite,M6040,,,Bathroom,Web,,,191.60
79,NO_Market_2400\\Web\\1091_RhodosWhite\\1091_RhodosWhite_M6060_Bathroom_web.jpg,NO_Market_2400,1091,RhodosWhite,M6060,,,Bathroom,Web,,,169.89
80,NO_Market_2400\\Web\\110_Hvithøyglans\\110_Hvithøyglans_Bathroom_web.jpg,NO_Market_2400,110,Hvithøyglans,M00,,,Bathroom,Web,,,155.44
81,NO_Market_2400\\Web\\110_HvitSilke\\110_Hvitsilke_Bathroom_web.jpg,NO_Market_2400,110,HvitSilke,M00,,,Bathroom,Web,,,167.92
82,NO_Market_2400\\Web\\110_HvitsilkeProsjekt\\110_HvitsilkeProsjekt_Bathroom_web.jpg,NO_Market_2400,110,HvitsilkeProsjekt,M00,,,Bathroom,Web,,,145.54
83,NO_Market_2400\\Web\\1412_AvalonPine\\1412_AvalonPine_M00_Bathroom_web.jpg,NO_Market_2400,1412,AvalonPine,M00,,,Bathroom,Web,,,180.11
84,NO_Market_2400\\Web\\1412_AvalonPine\\1412_AvalonPine_M6040_Bathroom_web.jpg,NO_Market_2400,1412,AvalonPine,M6040,,,Bathroom,Web,,,198.03
85,NO_Market_2400\\Web\\1531_BlancoGrande\\1531_BlancoGrande_Bathroom_web.jpg,NO_Market_2400,1531,BlancoGrande,M00,,,Bathroom,Web,,,171.35
86,NO_Market_2400\\Web\\1532_NegroGrande\\1532_NegroGrande_Bathroom_web.jpg,NO_Market_2400,1532,NegroGrande,M00,,,Bathroom,Web,,,166.60
87,NO_Market_2400\\Web\\1533_GrisGrande\\1533_GrisGrande_Bathroom_web.jpg,NO_Market_2400,1533,GrisGrande,M00,,,Bathroom,Web,,,125.13
88,NO_Market_2400\\Web\\1534_SandGrande\\1534_SandGrande_Bathroom_web.jpg,NO_Market_2400,1534,SandGrande,M00,,,Bathroom,Web,,,164.46
89,NO_Market_2400\\Web\\172_PolargråProsjekt\\172_Polargrå_Bathroom_web.jpg,NO_Market_2400,172,PolargråProsjekt,M00,,,Bathroom,Web,,,157.91
90,NO_Market_2400\\Web\\192_Titan\\192_Titan_Bathroom_web.jpg,NO_Market_2400,192,Titan,M00,,,Bathroom,Web,,,129.02
91,NO_Market_2400\\Web\\1949_MarinaOak\\1949_MarinaOak_M00_Bathroom_web.jpg,NO_Market_2400,1949,MarinaOak,M00,,,Bathroom,Web,,,122.47
92,NO_Market_2400\\Web\\1949_MarinaOak\\1949_MarinaOak_M6040_Bathroom_web.jpg,NO_Market_2400,1949,MarinaOak,M6040,,,Bathroom,Web,,,177.46
93,NO_Market_2400\\Web\\2024_Black\\2024_Black_M00_Bathroom_web.jpg,NO_Market_2400,2024,Black,M00,,,Bathroom,Web,,,175.82
94,NO_Market_2400\\Web\\2024_Black\\2024_Black_M10_Bathroom_web.jpg,NO_Market_2400,2024,Black,M10,,,Bathroom,Web,,,105.38
95,NO_Market_2400\\Web\\2024_Black\\2024_Black_M6060_Bathroom_web.jpg,NO_Market_2400,2024,Black,M6060,,,Bathroom,Web,,,187.42
96,NO_Market_2400\\Web\\2024_Black\\2024_Black_M6080_Bathroom_web.jpg,NO_Market_2400,2024,Black,M6080,,,Bathroom,Web,,,109.57
97,NO_Market_2400\\Web\\2024_Black\\2024_Black_M71_Bathroom_web.jpg,NO_Market_2400,2024,Black,M71,,,Bathroom,Web,,,138.96
98,NO_Market_2400\\Web\\2035_GreySlate\\2035_GreySlate_M00_Bathroom_web.jpg,NO_Market_2400,2035,GreySlate,M00,,,Bathroom,Web,,,189.34
99,NO_Market_2400\\Web\\2035_GreySlate\\2035_GreySlate_M6060_Bathroom_web.jpg,NO_Market_2400,2035,GreySlate,M6060,,,Bathroom,Web,,,125.53
100,NO_Market_2400\\Web\\2035_GreySlate\\2035_GreySlate_M6080_Bathroom_web.jpg,NO_Market_2400,2035,GreySlate,M6080,,,Bathroom,Web,,,164.25
101,NO_Market_2400\\Web\\2094_White\\2094_White_F00_Bathroom_web.jpg,NO_Market_2400,2094,White,F00,,,Bathroom,Web,,,127.26
102,NO_Market_2400\\Web\\2094_White\\2094_White_F01_Bathroom_web.jpg,NO_Market_2400,2094,White,F01,,,Bathroom,Web,,,178.77
103,NO_Market_2400\\Web\\2094_White\\2094_White_F05_Bathroom_web.jpg,NO_Market_2400,2094,White,F05,,,Bathroom,Web,,,154.40
104,NO_Market_2400\\Web\\2094_White\\2094_White_F08_Bathroom_web.jpg,NO_Market_2400,2094,White,F08,,,Bathroom,Web,,,141.58
105,NO_Market_2400\\Web\\2094_White\\2094_White_F23_Bathroom_web.jpg,NO_Market_2400,2094,White,F23,,,Bathroom,Web,,,146.89
106,NO_Market_2400\\Web\\2094_White\\2094_White_M10_Bathroom_web.jpg,NO_Market_2400,2094,White,M10,,,Bathroom,Web,,,175.00
107,NO_Market_2400\\Web\\2094_White\\2094_White_M6030_Bathroom_web.jpg,NO_Market_2400,2094,White,M6030,,,Bathroom,Web,,,142.37
108,NO_Market_2400\\Web\\2094_White\\2094_White_M6040_Bathroom_web.jpg,NO_Market_2400,2094,White,M6040,,,Bathroom,Web,,,196.93
109,NO_Market_2400\\Web\\2094_White\\2094_White_M6060_Bathroom_web.jpg,NO_Market_2400,2094,White,M6060,,,Bathroom,Web,,,177.95
110,NO_Market_2400\\Web\\2094_White\\2094_White_M74_Bathroom_web.jpg,NO_Market_2400,2094,White,M74,,,Bathroom,Web,,,178.83
111,NO_Market_2400\\Web\\2101_Red\\2101_Red_F00_Bathroom_web.jpg,NO_Market_2400,2101,Red,F00,,,Bathroom,Web,,,139.51
112,NO_Market_2400\\Web\\2101_Red\\2101_Red_M0303_Bathroom_web.jpg,NO_Market_2400,2101,Red,M0303,,,Bathroom,Web,,,160.40
113,NO_Market_2400\\Web\\2101_Red\\2101_Red_M10_Bathroom_web.jpg,NO_Market_2400,2101,Red,M10,,,Bathroom,Web,,,121.57
114,NO_Market_2400\\Web\\2101_Red\\2101_Red_M3005_Bathroom_web.jpg,NO_Market_2400,2101,Red,M3005,,,Bathroom,Web,,,164.98
115,NO_Market_2400\\Web\\2101_Red\\2101_Red_M6015_Bathroom_web.jpg,NO_Market_2400,2101,Red,M6015,,,Bathroom,Web,,,112.16
116,NO_Market_2400\\Web\\2101_Red\\2101_Red_M6020_Bathroom_web.jpg,NO_Market_2400,2101,Red,M6020,,,Bathroom,Web,,,167.04
117,NO_Market_2400\\Web\\2101_Red\\2101_Red_M6030_Bathroom_web.jpg,NO_Market_2400,2101,Red,M6030,,,Bathroom,Web,,,142.23
118,NO_Market_2400\\Web\\2101_Red\\2101_Red_M6040_Bathroom_web.jpg,NO_Market_2400,2101,Red,M6040,,,Bathroom,Web,,,177.77
119,NO_Market_2400\\Web\\2101_Red\\2101_Red_M6060_Bathroom_web.jpg,NO_Market_2400,2101,Red,M6060,,,Bathroom,Web,,,173.87
120,NO_Market_2400\\Web\\2115_PalePink\\2115_PalePink_M00_Bathroom_web.jpg,NO_Market_2400,2115,PalePink,M00,,,Bathroom,Web,,,173.80
121,NO_Market_2400\\Web\\2115_PalePink\\2115_PalePink_M0303_Bathroom_web.jpg,NO_Market_2400,2115,PalePink,M0303,,,Bathroom,Web,,,139.29
122,NO_Market_2400\\Web\\2115_PalePink\\2115_PalePink_M10_Bathroom_web.jpg,NO_Market_2400,2115,PalePink,M10,,,Bathroom,Web,,,186.94
123,NO_Market_2400\\Web\\2115_PalePink\\2115_PalePink_M3005_Bathroom_web.jpg,NO_Market_2400,2115,PalePink,M3005,,,Bathroom,Web,,,186.34
124,NO_Market_2400\\Web\\2115_PalePink\\2115_PalePink_M6015_Bathroom_web.jpg,NO_Market_2400,2115,PalePink,M6015,,,Bathroom,Web,,,118.28
125,NO_Market_2400\\Web\\2115_PalePink\\2115_PalePink_M6020_Bathroom_web.jpg,NO_Market_2400,2115,PalePink,M6020,,,Bathroom,Web,,,126.68
126,NO_Market_2400\\Web\\2115_PalePink\\2115_PalePink_M6030_Bathroom_web.jpg,NO_Market_2400,2115,PalePink,M6030,,,Bathroom,Web,,,192.70
127,NO_Market_2400\\Web\\2115_PalePink\\2115_PalePink_M6040_Bathroom_web.jpg,NO_Market_2400,2115,PalePink,M6040,,,Bathroom,Web,,,131.26
128,NO_Market_2400\\Web\\2115_PalePink\\2115_PalePink_M6060_Bathroom_web.jpg,NO_Market_2400,2115,PalePink,M6060,,,Bathroom,Web,,,196.93
129,NO_Market_2400\\Web\\2122_Orange\\2122_Orange_F00_Bathroom_web.jpg,NO_Market_2400,2122,Orange,F00,,,Bathroom,Web,,,133.99
130,NO_Market_2400\\Web\\2122_Orange\\2122_Orange_M0303_Bathroom_web.jpg,NO_Market_2400,2122,Orange,M0303,,,Bathroom,Web,,,136.24
131,NO_Market_2400\\Web\\2122_Orange\\2122_Orange_M10_Bathroom_web.jpg,NO_Market_2400,2122,Orange,M10,,,Bathroom,Web,,,160.02
132,NO_Market_2400\\Web\\2122_Orange\\2122_Orange_M3005_Bathroom_web.jpg,NO_Market_2400,2122,Orange,M3005,,,Bathroom,Web,,,186.95
133,NO_Market_2400\\Web\\2122_Orange\\2122_Orange_M6015_Bathroom_web.jpg,NO_Market_2400,2122,Orange,M6015,,,Bathroom,Web,,,143.35
134,NO_Market_2400\\Web\\2122_Orange\\2122_Orange_M6020_Bathroom_web.jpg,NO_Market_2400,2122,Orange,M6020,,,Bathroom,Web,,,134.87
135,NO_Market_2400\\Web\\2122_Orange\\2122_Orange_M6030_Bathroom_web.jpg,NO_Market_2400,2122,Orange,M6030,,,Bathroom,Web,,,121.47
136,NO_Market_2400\\Web\\2122_Orange\\2122_Orange_M6040_Bathroom_web.jpg,NO_Market_2400,2122,Orange,M6040,,,Bathroom,Web,,,188.43
137,NO_Market_2400\\Web\\2122_Orange\\2122_Orange_M6060_Bathroom_web.jpg,NO_Market_2400,2122,Orange,M6060,,,Bathroom,Web,,,125.16
138,NO_Market_2400\\Web\\2123_PureWhite\\2123_PureWhite_M00_Bathroom_web.jpg,NO_Market_2400,2123,PureWhite,M00,,,Bathroom,Web,,,129.10
139,NO_Market_2400\\Web\\2123_PureWhite\\2123_PureWhite_M0303_Bathroom_web.jpg,NO_Market_2400,2123,PureWhite,M0303,,,Bathroom,Web,,,119.66
140,NO_Market_2400\\Web\\2123_PureWhite\\2123_PureWhite_M10_Bathroom_web.jpg,NO_Market_2400,2123,PureWhite,M10,,,Bathroom,Web,,,174.00
141,NO_Market_2400\\Web\\2123_PureWhite\\2123_PureWhite_M3005_Bathroom_web.jpg,NO_Market_2400,2123,PureWhite,M3005,,,Bathroom,Web,,,168.98
142,NO_Market_2400\\Web\\2123_PureWhite\\2123_PureWhite_M6015_Bathroom_web.jpg,NO_Market_2400,2123,PureWhite,M6015,,,Bathroom,Web,,,185.57
143,NO_Market_2400\\Web\\2123_PureWhite\\2123_PureWhite_M6020_Bathroom_web.jpg,NO_Market_2400,2123,PureWhite,M6020,,,Bathroom,Web,,,138.65
144,NO_Market_2400\\Web\\2123_PureWhite\\2123_PureWhite_M6030_Bathroom_web.jpg,NO_Market_2400,2123,PureWhite,M6030,,,Bathroom,Web,,,181.03
145,NO_Market_2400\\Web\\2123_PureWhite\\2123_PureWhite_M6040_Bathroom_web.jpg,NO_Market_2400,2123,PureWhite,M6040,,,Bathroom,Web,,,169.16
146,NO_Market_2400\\Web\\2123_PureWhite\\2123_PureWhite_M6060_Bathroom_web.jpg,NO_Market_2400,2123,PureWhite,M6060,,,Bathroom,Web,,,179.20
147,NO_Market_2400\\Web\\2124_NewYorkBlack\\2124_NewYorkBlack_F00_Bathroom_web.jpg,NO_Market_2400,2124,NewYorkBlack,F00,,,Bathroom,Web,,,139.56
148,NO_Market_2400\\Web\\2124_NewYorkBlack\\2124_NewYorkBlack_M0303_Bathroom_web.jpg,NO_Market_2400,2124,NewYorkBlack,M0303,,,Bathroom,Web,,,175.16
149,NO_Market_2400\\Web\\2124_NewYorkBlack\\2124_NewYorkBlack_M10_Bathroom_web.jpg,NO_Market_2400,2124,NewYorkBlack,M10,,,Bathroom,Web,,,105.55
150,NO_Market_2400\\Web\\2124_NewYorkBlack\\2124_NewYorkBlack_M3005_Bathroom_web.jpg,NO_Market_2400,2124,NewYorkBlack,M3005,,,Bathroom,Web,,,137.36
151,NO_Market_2400\\Web\\2124_NewYorkBlack\\2124_NewYorkBlack_M6015_Bathroom_web.jpg,NO_Market_2400,2124,NewYorkBlack,M6015,,,Bathroom,Web,,,127.80
152,NO_Market_2400\\Web\\2124_NewYorkBlack\\2124_NewYorkBlack_M6020_Bathroom_web.jpg,NO_Market_2400,2124,NewYorkBlack,M6020,,,Bathroom,Web,,,139.69
153,NO_Market_2400\\Web\\2124_NewYorkBlack\\2124_NewYorkBlack_M6030_Bathroom_web.jpg,NO_Market_2400,2124,NewYorkBlack,M6030,,,Bathroom,Web,,,177.83
154,NO_Market_2400\\Web\\2124_NewYorkBlack\\2124_NewYorkBlack_M6040_Bathroom_web.jpg,NO_Market_2400,2124,NewYorkBlack,M6040,,,Bathroom,Web,,,124.48
155,NO_Market_2400\\Web\\2124_NewYorkBlack\\2124_NewYorkBlack_M6060_Bathroom_web.jpg,NO_Market_2400,2124,NewYorkBlack,M6060,,,Bathroom,Web,,,137.33
156,NO_Market_2400\\Web\\2126_DarkSoot\\2126_DarkSoot_M00_Bathroom_web.jpg,NO_Market_2400,2126,DarkSoot,M00,,,Bathroom,Web,,,197.77
157,NO_Market_2400\\Web\\2126_DarkSoot\\2126_DarkSoot_M10_Bathroom_web.jpg,NO_Market_2400,2126,DarkSoot,M10,,,Bathroom,Web,,,151.84
158,NO_Market_2400\\Web\\2126_DarkSoot\\2126_DarkSoot_M6060_Bathroom_web.jpg,NO_Market_2400,2126,DarkSoot,M6060,,,Bathroom,Web,,,125.31
159,NO_Market_2400\\Web\\2126_DarkSoot\\2126_DarkSoot_M6080_Bathroom_web.jpg,NO_Market_2400,2126,DarkSoot,M6080,,,Bathroom,Web,,,179.20
160,NO_Market_2400\\Web\\2126_DarkSoot\\2126_DarkSoot_ME88_Bathroom_web.jpg,NO_Market_2400,2126,DarkSoot,ME88,,,Bathroom,Web,,,199.36
161,NO_Market_2400\\Web\\2145_GreyCement\\2145_GreyCement_M00_Bathroom_web.jpg,NO_Market_2400,2145,GreyCement,M00,,,Bathroom,Web,,,148.23
162,NO_Market_2400\\Web\\2145_GreyCement\\2145_GreyCement_M6030_Bathroom_web.jpg,NO_Market_2400,2145,GreyCement,M6030,,,Bathroom,Web,,,102.32
163,NO_Market_2400\\Web\\2145_GreyCement\\2145_GreyCement_M6060_Bathroom_web.jpg,NO_Market_2400,2145,GreyCement,M6060,,,Bathroom,Web,,,132.94
164,NO_Market_2400\\Web\\2167_DeepYellow\\2167_DeepYellow_M00_Bathroom_web.jpg,NO_Market_2400,2167,DeepYellow,M00,,,Bathroom,Web,,,172.02
165,NO_Market_2400\\Web\\2167_DeepYellow\\2167_DeepYellow_M0303_Bathroom_web.jpg,NO_Market_2400,2167,DeepYellow,M0303,,,Bathroom,Web,,,175.26
166,NO_Market_2400\\Web\\2167_DeepYellow\\2167_DeepYellow_M10_Bathroom_web.jpg,NO_Market_2400,2167,DeepYellow,M10,,,Bathroom,Web,,,196.65
167,NO_Market_2400\\Web\\2167_DeepYellow\\2167_DeepYellow_M3005_Bathroom_web.jpg,NO_Market_2400,2167,DeepYellow,M3005,,,Bathroom,Web,,,104.75
168,NO_Market_2400\\Web\\2167_DeepYellow\\2167_DeepYellow_M6015_Bathroom_web.jpg,NO_Market_2400,2167,DeepYellow,M6015,,,Bathroom,Web,,,104.64
169,NO_Market_2400\\Web\\2167_DeepYellow\\2167_DeepYellow_M6020_Bathroom_web.jpg,NO_Market_2400,2167,DeepYellow,M6020,,,Bathroom,Web,,,180.14
170,NO_Market_2400\\Web\\2167_DeepYellow\\2167_DeepYellow_M6030_Bathroom_web.jpg,NO_Market_2400,2167,DeepYellow,M6030,,,Bathroom,Web,,,188.27
171,NO_Market_2400\\Web\\2167_DeepYellow\\2167_DeepYellow_M6040_Bathroom_web.jpg,NO_Market_2400,2167,DeepYellow,M6040,,,Bathroom,Web,,,196.89
172,NO_Market_2400\\Web\\2167_DeepYellow\\2167_DeepYellow_M6060_Bathroom_web.jpg,NO_Market_2400,2167,DeepYellow,M6060,,,Bathroom,Web,,,124.76
173,NO_Market_2400\\Web\\2174_Creme\\2174_Creme_F00_Bathroom_web.jpg,NO_Market_2400,2174,Creme,F00,,,Bathroom,Web,,,104.16
174,NO_Market_2400\\Web\\2174_Creme\\2174_Creme_M0303_Bathroom_web.jpg,NO_Market_2400,2174,Creme,M0303,,,Bathroom,Web,,,156.52
175,NO_Market_2400\\Web\\2174_Creme\\2174_Creme_M10_Bathroom_web.jpg,NO_Market_2400,2174,Creme,M10,,,Bathroom,Web,,,194.44
176,NO_Market_2400\\Web\\2174_Creme\\2174_Creme_M3005_Bathroom_web.jpg,NO_Market_2400,2174,Creme,M3005,,,Bathroom,Web,,,152.94
177,NO_Market_2400\\Web\\2174_Creme\\2174_Creme_M6015_Bathroom_web.jpg,NO_Market_2400,2174,Creme,M6015,,,Bathroom,Web,,,116.15
178,NO_Market_2400\\Web\\2174_Creme\\2174_Creme_M6020_Bathroom_web.jpg,NO_Market_2400,2174,Creme,M6020,,,Bathroom,Web,,,142.56
179,NO_Market_2400\\Web\\2174_Creme\\2174_Creme_M6030_Bathroom_web.jpg,NO_Market_2400,2174,Creme,M6030,,,Bathroom,Web,,,137.84
180,NO_Market_2400\\Web\\2174_Creme\\2174_Creme_M6040_Bathroom_web.jpg,NO_Market_2400,2174,Creme,M6040,,,Bathroom,Web,,,132.17
181,NO_Market_2400\\Web\\2174_Creme\\2174_Creme_M6060_Bathroom_web.jpg,NO_Market_2400,2174,Creme,M6060,,,Bathroom,Web,,,127.95
182,NO_Market_2400\\Web\\2204_CrackedCement\\2204_CrackedCement_F00_Bathroom_web.jpg,NO_Market_2400,2204,CrackedCement,F00,,,Bathroom,Web,,,174.15
183,NO_Market_2400\\Web\\2204_CrackedCement\\2204_CrackedCement_M3005_Bathroom_web.jpg,NO_Market_2400,2204,CrackedCement,M3005,,,Bathroom,Web,,,188.02
184,NO_Market_2400\\Web\\2204_CrackedCement\\2204_CrackedCement_M6040_Bathroom_web.jpg,NO_Market_2400,2204,CrackedCement,M6040,,,Bathroom,Web,,,152.82
185,NO_Market_2400\\Web\\2204_CrackedCement\\2204_CrackedCement_M63_Bathroom_web.jpg,NO_Market_2400,2204,CrackedCement,M63,,,Bathroom,Web,,,167.09
186,NO_Market_2400\\Web\\2204_CrackedCement\\2204_CrackedCement_M66_Bathroom_web.jpg,NO_Market_2400,2204,CrackedCement,M66,,,Bathroom,Web,,,135.29
187,NO_Market_2400\\Web\\2212_Aquamarine\\2212_Aquamarine_F00_Bathroom_web.jpg,NO_Market_2400,2212,Aquamarine,F00,,,Bathroom,Web,,,149.95
188,NO_Market_2400\\Web\\2212_Aquamarine\\2212_Aquamarine_M0303_Bathroom_web.jpg,NO_Market_2400,2212,Aquamarine,M0303,,,Bathroom,Web,,,194.00
189,NO_Market_2400\\Web\\2212_Aquamarine\\2212_Aquamarine_M10_Bathroom_web.jpg,NO_Market_2400,2212,Aquamarine,M10,,,Bathroom,Web,,,153.52
190,NO_Market_2400\\Web\\2212_Aquamarine\\2212_Aquamarine_M3005_Bathroom_web.jpg,NO_Market_2400,2212,Aquamarine,M3005,,,Bathroom,Web,,,120.49
191,NO_Market_2400\\Web\\2212_Aquamarine\\2212_Aquamarine_M6015_Bathroom_web.jpg,NO_Market_2400,2212,Aquamarine,M6015,,,Bathroom,Web,,,102.84
192,NO_Market_2400\\Web\\2212_Aquamarine\\2212_Aquamarine_M6020_Bathroom_web.jpg,NO_Market_2400,2212,Aquamarine,M6020,,,Bathroom,Web,,,196.82
193,NO_Market_2400\\Web\\2212_Aquamarine\\2212_Aquamarine_M6030_Bathroom_web.jpg,NO_Market_2400,2212,Aquamarine,M6030,,,Bathroom,Web,,,103.95
194,NO_Market_2400\\Web\\2212_Aquamarine\\2212_Aquamarine_M6040_Bathroom_web.jpg,NO_Market_2400,2212,Aquamarine,M6040,,,Bathroom,Web,,,191.13
195,NO_Market_2400\\Web\\2212_Aquamarine\\2212_Aquamarine_M6060_Bathroom_web.jpg,NO_Market_2400,2212,Aquamarine,M6060,,,Bathroom,Web,,,121.28
196,NO_Market_2400\\Web\\2272_BlackMarble\\2272_BlackMarble_M00_Bathroom_web.jpg,NO_Market_2400,2272,BlackMarble,M00,,,Bathroom,Web,,,134.73
197,NO_Market_2400\\Web\\2272_BlackMarble\\2272_BlackMarble_M6060_Bathroom_web.jpg,NO_Market_2400,2272,BlackMarble,M6060,,,Bathroom,Web,,,179.60
198,NO_Market_2400\\Web\\2273_WhiteMarble\\2273_WhiteMarble_M00_Bathroom_web.jpg,NO_Market_2400,2273,WhiteMarble,M00,,,Bathroom,Web,,,158.14
199,NO_Market_2400\\Web\\2273_WhiteMarble\\2273_WhiteMarble_M6060_Bathroom_web.jpg,NO_Market_2400,2273,WhiteMarble,M6060,,,Bathroom,Web,,,185.63
200,NO_Market_2400\\Web\\2278_GoldenBrownMarble\\2278_GoldenBrownMarble_M00_Bathroom_web.jpg,NO_Market_2400,2278,GoldenBrownMarble,M00,,,Bathroom,Web,,,165.01
201,NO_Market_2400\\Web\\2278_GoldenBrownMarble\\2278_GoldenBrownMarble_M6060_Bathroom_web.jpg,NO_Market_2400,2278,GoldenBrownMarble,M6060,,,Bathroom,Web,,,157.52
202,NO_Market_2400\\Web\\2279_SilverGreyMarble\\2279_SilverGreyMarble_M00_Bathroom_web.jpg,NO_Market_2400,2279,SilverGreyMarble,M00,,,Bathroom,Web,,,119.90
203,NO_Market_2400\\Web\\2279_SilverGreyMarble\\2279_SilverGreyMarble_M6060_Bathroom_web.jpg,NO_Market_2400,2279,SilverGreyMarble,M6060,,,Bathroom,Web,,,107.25
204,NO_Market_2400\\Web\\2442_MetonGrey\\2442_MetonGrey_Bathroom_web.jpg,NO_Market_2400,2442,MetonGrey,M00,,,Bathroom,Web,,,172.46
205,NO_Market_2400\\Web\\2446_Lime\\2446_Lime_F00_Bathroom_web.jpg,NO_Market_2400,2446,Lime,F00,,,Bathroom,Web,,,143.40
206,NO_Market_2400\\Web\\2446_Lime\\2446_Lime_M0303_Bathroom_web.jpg,NO_Market_2400,2446,Lime,M0303,,,Bathroom,Web,,,179.99
207,NO_Market_2400\\Web\\2446_Lime\\2446_Lime_M10_Bathroom_web.jpg,NO_Market_2400,2446,Lime,M10,,,Bathroom,Web,,,144.70
208,NO_Market_2400\\Web\\2446_Lime\\2446_Lime_M3005_Bathroom_web.jpg,NO_Market_2400,2446,Lime,M3005,,,Bathroom,Web,,,169.00
209,NO_Market_2400\\Web\\2446_Lime\\2446_Lime_M6015_Bathroom_web.jpg,NO_Market_2400,2446,Lime,M6015,,,Bathroom,Web,,,113.94
210,NO_Market_2400\\Web\\2446_Lime\\2446_Lime_M6020_Bathroom_web.jpg,NO_Market_2400,2446,Lime,M6020,,,Bathroom,Web,,,194.72
211,NO_Market_2400\\Web\\2446_Lime\\2446_Lime_M6030_Bathroom_web.jpg,NO_Market_2400,2446,Lime,M6030,,,Bathroom,Web,,,125.90
212,NO_Market_2400\\Web\\2446_Lime\\2446_Lime_M6040_Bathroom_web.jpg,NO_Market_2400,2446,Lime,M6040,,,Bathroom,Web,,,177.92
213,NO_Market_2400\\Web\\2446_Lime\\2446_Lime_M6060_Bathroom_web.jpg,NO_Market_2400,2446,Lime,M6060,,,Bathroom,Web,,,134.15
214,NO_Market_2400\\Web\\2487_BiancoMarble\\2487_BiancoMarble_M00_Bathroom_web.jpg,NO_Market_2400,2487,BiancoMarble,M00,,,Bathroom,Web,,,164.06
215,NO_Market_2400\\Web\\2487_BiancoMarble\\2487_BiancoMarble_M6060_Bathroom_web.jpg,NO_Market_2400,2487,BiancoMarble,M6060,,,Bathroom,Web,,,111.03
216,NO_Market_2400\\Web\\2487_BiancoMarble\\2487_BiancoMarble_M6080_Bathroom_web.jpg,NO_Market_2400,2487,BiancoMarble,M6080,,,Bathroom,Web,,,114.78
217,NO_Market_2400\\Web\\2506_Toscana\\2506_Toscana_F00_Bathroom_web.jpg,NO_Market_2400,2506,Toscana,F00,,,Bathroom,Web,,,140.96
218,NO_Market_2400\\Web\\2506_Toscana\\2506_Toscana_F3040_Bathroom_web.jpg,NO_Market_2400,2506,Toscana,F3040,,,Bathroom,Web,,,131.96
219,NO_Market_2400\\Web\\2520_Ivory\\2520_Ivory_F00_Bathroom_web.jpg,NO_Market_2400,2520,Ivory,F00,,,Bathroom,Web,,,126.19
220,NO_Market_2400\\Web\\2520_Ivory\\2520_Ivory_F3040_Bathroom_web.jpg,NO_Market_2400,2520,Ivory,F3040,,,Bathroom,Web,,,195.29
221,NO_Market_2400\\Web\\2898_ShabbyChic\\2898_ShabbyChic_F00_Bathroom_web.jpg,NO_Market_2400,2898,ShabbyChic,F00,,,Bathroom,Web,,,195.89
222,NO_Market_2400\\Web\\2898_ShabbyChic\\2898_ShabbyChic_M63_Bathroom_web.jpg,NO_Market_2400,2898,ShabbyChic,M63,,,Bathroom,Web,,,164.05
223,NO_Market_2400\\Web\\3091_DenverWhite\\3091_DenverWhite_F00_Bathroom_web.jpg,NO_Market_2400,3091,DenverWhite,F00,,,Bathroom,Web,,,160.07
224,NO_Market_2400\\Web\\3091_DenverWhite\\3091_DenverWhite_F01_Bathroom_web.jpg,NO_Market_2400,3091,DenverWhite,F01,,,Bathroom,Web,,,195.14
225,NO_Market_2400\\Web\\3091_DenverWhite\\3091_DenverWhite_F03_Bathroom_web.jpg,NO_Market_2400,3091,DenverWhite,F03,,,Bathroom,Web,,,149.24
226,NO_Market_2400\\Web\\3091_DenverWhite\\3091_DenverWhite_F05_Bathroom_web.jpg,NO_Market_2400,3091,DenverWhite,F05,,,Bathroom,Web,,,100.11
227,NO_Market_2400\\Web\\3091_DenverWhite\\3091_DenverWhite_F08_Bathroom_web.jpg,NO_Market_2400,3091,DenverWhite,F08,,,Bathroom,Web,,,188.69
228,NO_Market_2400\\Web\\3091_DenverWhite\\3091_DenverWhite_F22_Bathroom_web.jpg,NO_Market_2400,3091,DenverWhite,F22,,,Bathroom,Web,,,130.37
229,NO_Market_2400\\Web\\3091_DenverWhite\\3091_DenverWhite_F23_Bathroom_web.jpg,NO_Market_2400,3091,DenverWhite,F23,,,Bathroom,Web,,,119.57
230,NO_Market_2400\\Web\\3091_DenverWhite\\3091_DenverWhite_F24_Bathroom_web.jpg,NO_Market_2400,3091,DenverWhite,F24,,,Bathroom,Web,,,188.60
231,NO_Market_2400\\Web\\3091_DenverWhite\\3091_DenverWhite_F25_Bathroom_web.jpg,NO_Market_2400,3091,DenverWhite,F25,,,Bathroom,Web,,,140.09
232,NO_Market_2400\\Web\\3091_DenverWhite\\3091_DenverWhite_M6040_Bathroom_web.jpg,NO_Market_2400,3091,DenverWhite,M6040,,,Bathroom,Web,,,105.69
233,NO_Market_2400\\Web\\3091_DenverWhite\\3091_DenverWhite_M63_Bathroom_web.jpg,NO_Market_2400,3091,DenverWhite,M63,,,Bathroom,Web,,,128.90
234,NO_Market_2400\\Web\\3091_DenverWhite\\3091_DenverWhite_M66_Bathroom_web.jpg,NO_Market_2400,3091,DenverWhite,M66,,,Bathroom,Web,,,121.76
235,NO_Market_2400\\Web\\3091_DenverWhite\\3091_DenverWhite_M74_Bathroom_web.jpg,NO_Market_2400,3091,DenverWhite,M74,,,Bathroom,Web,,,156.82
236,NO_Market_2400\\Web\\3487_BrightMarble\\3487_BrightMarble_M00_Bathroom_web.jpg,NO_Market_2400,3487,BrightMarble,M00,,,Bathroom,Web,,,197.31
237,NO_Market_2400\\Web\\3487_BrightMarble\\3487_BrightMarble_M6060_Bathroom_web.jpg,NO_Market_2400,3487,BrightMarble,M6060,,,Bathroom,Web,,,163.42
238,NO_Market_2400\\Web\\3487_BrightMarble\\3487_BrightMarble_M6080_Bathroom_web.jpg,NO_Market_2400,3487,BrightMarble,M6080,,,Bathroom,Web,,,129.03
239,NO_Market_2400\\Web\\4001_TerrassoLight\\4001_TerrassoLight_M00_Bathroom_web.jpg,NO_Market_2400,4001,TerrassoLight,M00,,,Bathroom,Web,,,164.11
240,NO_Market_2400\\Web\\4001_TerrassoLight\\4001_TerrassoLight_M10_Bathroom_web.jpg,NO_Market_2400,4001,TerrassoLight,M10,,,Bathroom,Web,,,155.25
241,NO_Market_2400\\Web\\4001_TerrassoLight\\4001_TerrassoLight_M6060_Bathroom_web.jpg,NO_Market_2400,4001,TerrassoLight,M6060,,,Bathroom,Web,,,124.35
242,NO_Market_2400\\Web\\4001_TerrassoLight\\4001_TerrassoLight_M6080_Bathroom_web.jpg,NO_Market_2400,4001,TerrassoLight,M6080,,,Bathroom,Web,,,153.79
243,NO_Market_2400\\Web\\4001_TerrassoLight\\4001_TerrassoLight_M72_Bathroom_web.jpg,NO_Market_2400,4001,TerrassoLight,M72,,,Bathroom,Web,,,112.66
244,NO_Market_2400\\Web\\4002_TerrassoDark\\4002_TerrassoDark_M00_Bathroom_web.jpg,NO_Market_2400,4002,TerrassoDark,M00,,,Bathroom,Web,,,136.00
245,NO_Market_2400\\Web\\4002_TerrassoDark\\4002_TerrassoDark_M10_Bathroom_web.jpg,NO_Market_2400,4002,TerrassoDark,M10,,,Bathroom,Web,,,179.91
246,NO_Market_2400\\Web\\4002_TerrassoDark\\4002_TerrassoDark_M6060_Bathroom_web.jpg,NO_Market_2400,4002,TerrassoDark,M6060,,,Bathroom,Web,,,186.25
247,NO_Market_2400\\Web\\4002_TerrassoDark\\4002_TerrassoDark_M6080_Bathroom_web.jpg,NO_Market_2400,4002,TerrassoDark,M6080,,,Bathroom,Web,,,123.65
248,NO_Market_2400\\Web\\4002_TerrassoDark\\4002_TerrassoDark_M72_Bathroom_web.jpg,NO_Market_2400,4002,TerrassoDark,M72,,,Bathroom,Web,,,186.07
249,NO_Market_2400\\Web\\4054_MilanoAnthracite\\4054_MilanoAnthracite_F00_Bathroom_web.jpg,NO_Market_2400,4054,MilanoAnthracite,F00,,,Bathroom,Web,,,152.33
250,NO_Market_2400\\Web\\4054_MilanoAnthracite\\4054_MilanoAnthracite_F24_Bathroom_web.jpg,NO_Market_2400,4054,MilanoAnthracite,F24,,,Bathroom,Web,,,170.91
251,NO_Market_2400\\Web\\4054_MilanoAnthracite\\4054_MilanoAnthracite_M0303_Bathroom_web.jpg,NO_Market_2400,4054,MilanoAnthracite,M0303,,,Bathroom,Web,,,104.65
252,NO_Market_2400\\Web\\4054_MilanoAnthracite\\4054_MilanoAnthracite_M10_Bathroom_web.jpg,NO_Market_2400,4054,MilanoAnthracite,M10,,,Bathroom,Web,,,185.23
253,NO_Market_2400\\Web\\4054_MilanoAnthracite\\4054_MilanoAnthracite_M3005_Bathroom_web.jpg,NO_Market_2400,4054,MilanoAnthracite,M3005,,,Bathroom,Web,,,140.52
254,NO_Market_2400\\Web\\4054_MilanoAnthracite\\4054_MilanoAnthracite_M6015_Bathroom_web.jpg,NO_Market_2400,4054,MilanoAnthracite,M6015,,,Bathroom,Web,,,129.44
255,NO_Market_2400\\Web\\4054_MilanoAnthracite\\4054_MilanoAnthracite_M6020_Bathroom_web.jpg,NO_Market_2400,4054,MilanoAnthracite,M6020,,,Bathroom,Web,,,140.09
256,NO_Market_2400\\Web\\4054_MilanoAnthracite\\4054_MilanoAnthracite_M6030_Bathroom_web.jpg,NO_Market_2400,4054,MilanoAnthracite,M6030,,,Bathroom,Web,,,188.15
257,NO_Market_2400\\Web\\4054_MilanoAnthracite\\4054_MilanoAnthracite_M6040_Bathroom_web.jpg,NO_Market_2400,4054,MilanoAnthracite,M6040,,,Bathroom,Web,,,100.95
258,NO_Market_2400\\Web\\4054_MilanoAnthracite\\4054_MilanoAnthracite_M6060_Bathroom_web.jpg,NO_Market_2400,4054,MilanoAnthracite,M6060,,,Bathroom,Web,,,198.17
259,NO_Market_2400\\Web\\4060_Morning\\4060_Morning_F00_Bathroom_web.jpg,NO_Market_2400,4060,Morning,F00,,,Bathroom,Web,,,175.52
260,NO_Market_2400\\Web\\4060_Morning\\4060_Morning_M0303_Bathroom_web.jpg,NO_Market_2400,4060,Morning,M0303,,,Bathroom,Web,,,161.43
261,NO_Market_2400\\Web\\4060_Morning\\4060_Morning_M10_Bathroom_web.jpg,NO_Market_2400,4060,Morning,M10,,,Bathroom,Web,,,137.19
262,NO_Market_2400\\Web\\4060_Morning\\4060_Morning_M3005_Bathroom_web.jpg,NO_Market_2400,4060,Morning,M3005,,,Bathroom,Web,,,111.61
263,NO_Market_2400\\Web\\4060_Morning\\4060_Morning_M6015_Bathroom_web.jpg,NO_Market_2400,4060,Morning,M6015,,,Bathroom,Web,,,176.68
264,NO_Market_2400\\Web\\4060_Morning\\4060_Morning_M6020_Bathroom_web.jpg,NO_Market_2400,4060,Morning,M6020,,,Bathroom,Web,,,150.29
265,NO_Market_2400\\Web\\4060_Morning\\4060_Morning_M6030_Bathroom_web.jpg,NO_Market_2400,4060,Morning,M6030,,,Bathroom,Web,,,194.00
266,NO_Market_2400\\Web\\4060_Morning\\4060_Morning_M6040_Bathroom_web.jpg,NO_Market_2400,4060,Morning,M6040,,,Bathroom,Web,,,164.58
267,NO_Market_2400\\Web\\4060_Morning\\4060_Morning_M6060_Bathroom_web.jpg,NO_Market_2400,4060,Morning,M6060,,,Bathroom,Web,,,108.65
268,NO_Market_2400\\Web\\4063_Oslo\\4063_Oslo_F00_Bathroom_web.jpg,NO_Market_2400,4063,Oslo,F00,,,Bathroom,Web,,,198.14
269,NO_Market_2400\\Web\\4063_Oslo\\4063_Oslo_M0303_Bathroom_web.jpg,NO_Market_2400,4063,Oslo,M0303,,,Bathroom,Web,,,157.02
270,NO_Market_2400\\Web\\4063_Oslo\\4063_Oslo_M10_Bathroom_web.jpg,NO_Market_2400,4063,Oslo,M10,,,Bathroom,Web,,,181.26
271,NO_Market_2400\\Web\\4063_Oslo\\4063_Oslo_M3005_Bathroom_web.jpg,NO_Market_2400,4063,Oslo,M3005,,,Bathroom,Web,,,198.67
272,NO_Market_2400\\Web\\4063_Oslo\\4063_Oslo_M6015_Bathroom_web.jpg,NO_Market_2400,4063,Oslo,M6015,,,Bathroom,Web,,,175.01
273,NO_Market_2400\\Web\\4063_Oslo\\4063_Oslo_M6020_Bathroom_web.jpg,NO_Market_2400,4063,Oslo,M6020,,,Bathroom,Web,,,151.25
274,NO_Market_2400\\Web\\4063_Oslo\\4063_Oslo_M6030_Bathroom_web.jpg,NO_Market_2400,4063,Oslo,M6030,,,Bathroom,Web,,,184.62
275,NO_Market_2400\\Web\\4063_Oslo\\4063_Oslo_M6040_Bathroom_web.jpg,NO_Market_2400,4063,Oslo,M6040,,,Bathroom,Web,,,127.26
276,NO_Market_2400\\Web\\4063_Oslo\\4063_Oslo_M6060_Bathroom_web.jpg,NO_Market_2400,4063,Oslo,M6060,,,Bathroom,Web,,,102.43
277,NO_Market_2400\\Web\\4085_LightMint\\4085_LightMint_F00_Bathroom_web.jpg,NO_Market_2400,4085,LightMint,F00,,,Bathroom,Web,,,106.37
278,NO_Market_2400\\Web\\4085_LightMint\\4085_LightMint_M0303_Bathroom_web.jpg,NO_Market_2400,4085,LightMint,M0303,,,Bathroom,Web,,,177.03
279,NO_Market_2400\\Web\\4085_LightMint\\4085_LightMint_M10_Bathroom_web.jpg,NO_Market_2400,4085,LightMint,M10,,,Bathroom,Web,,,174.49
280,NO_Market_2400\\Web\\4085_LightMint\\4085_LightMint_M3005_Bathroom_web.jpg,NO_Market_2400,4085,LightMint,M3005,,,Bathroom,Web,,,191.36
281,NO_Market_2400\\Web\\4085_LightMint\\4085_LightMint_M6015_Bathroom_web.jpg,NO_Market_2400,4085,LightMint,M6015,,,Bathroom,Web,,,150.28
282,NO_Market_2400\\Web\\4085_LightMint\\4085_LightMint_M6020_Bathroom_web.jpg,NO_Market_2400,4085,LightMint,M6020,,,Bathroom,Web,,,185.83
283,NO_Market_2400\\Web\\4085_LightMint\\4085_LightMint_M6030_Bathroom_web.jpg,NO_Market_2400,4085,LightMint,M6030,,,Bathroom,Web,,,184.53
284,NO_Market_2400\\Web\\4085_LightMint\\4085_LightMint_M6040_Bathroom_web.jpg,NO_Market_2400,4085,LightMint,M6040,,,Bathroom,Web,,,169.66
285,NO_Market_2400\\Web\\4085_LightMint\\4085_LightMint_M6060_Bathroom_web.jpg,NO_Market_2400,4085,LightMint,M6060,,,Bathroom,Web,,,113.58
286,NO_Market_2400\\Web\\4091_WhiteSlate\\4091_WhiteSlate_F00_Bathroom_web.jpg,NO_Market_2400,4091,WhiteSlate,F00,,,Bathroom,Web,,,191.11
287,NO_Market_2400\\Web\\4091_WhiteSlate\\4091_WhiteSlate_F05_Bathroom_web.jpg,NO_Market_2400,4091,WhiteSlate,F05,,,Bathroom,Web,,,141.41
288,NO_Market_2400\\Web\\4091_WhiteSlate\\4091_WhiteSlate_F08_Bathroom_web.jpg,NO_Market_2400,4091,WhiteSlate,F08,,,Bathroom,Web,,,143.89
289,NO_Market_2400\\Web\\4091_WhiteSlate\\4091_WhiteSlate_ME88_Bathroom_web.jpg,NO_Market_2400,4091,WhiteSlate,ME88,,,Bathroom,Web,,,178.92
290,NO_Market_2400\\Web\\4098_Kalahari\\4098_Kalahari_M00_Bathroom_web.jpg,NO_Market_2400,4098,Kalahari,M00,,,Bathroom,Web,,,158.20
291,NO_Market_2400\\Web\\4098_Kalahari\\4098_Kalahari_M6040_Bathroom_web.jpg,NO_Market_2400,4098,Kalahari,M6040,,,Bathroom,Web,,,155.82
292,NO_Market_2400\\Web\\4115_London\\4115_London_F00_Bathroom_web.jpg,NO_Market_2400,4115,London,F00,,,Bathroom,Web,,,132.10
293,NO_Market_2400\\Web\\4115_London\\4115_London_M0303_Bathroom_web.jpg,NO_Market_2400,4115,London,M0303,,,Bathroom,Web,,,148.93
294,NO_Market_2400\\Web\\4115_London\\4115_London_M10_Bathroom_web.jpg,NO_Market_2400,4115,London,M10,,,Bathroom,Web,,,189.83
295,NO_Market_2400\\Web\\4115_London\\4115_London_M3005_Bathroom_web.jpg,NO_Market_2400,4115,London,M3005,,,Bathroom,Web,,,195.36
296,NO_Market_2400\\Web\\4115_London\\4115_London_M6015_Bathroom_web.jpg,NO_Market_2400,4115,London,M6015,,,Bathroom,Web,,,173.59
297,NO_Market_2400\\Web\\4115_London\\4115_London_M6020_Bathroom_web.jpg,NO_Market_2400,4115,London,M6020,,,Bathroom,Web,,,153.64
298,NO_Market_2400\\Web\\4115_London\\4115_London_M6030_Bathroom_web.jpg,NO_Market_2400,4115,London,M6030,,,Bathroom,Web,,,123.82
299,NO_Market_2400\\Web\\4115_London\\4115_London_M6040_Bathroom_web.jpg,NO_Market_2400,4115,London,M6040,,,Bathroom,Web,,,130.55
300,NO_Market_2400\\Web\\4115_London\\4115_London_M6060_Bathroom_web.jpg,NO_Market_2400,4115,London,M6060,,,Bathroom,Web,,,179.75
301,NO_Market_2400\\Web\\4115_London\\4115_London_M74_Bathroom_web.jpg,NO_Market_2400,4115,London,M74,,,Bathroom,Web,,,108.94
302,NO_Market_2400\\Web\\4281_AbbeyShale\\4281_AbbeyShale_M00_Bathroom_web.jpg,NO_Market_2400,4281,AbbeyShale,M00,,,Bathroom,Web,,,130.73
303,NO_Market_2400\\Web\\4281_AbbeyShale\\4281_AbbeyShale_M6040_Bathroom_web.jpg,NO_Market_2400,4281,AbbeyShale,M6040,,,Bathroom,Web,,,127.31
304,NO_Market_2400\\Web\\4746_GreySahara\\4746_GreySahara_M00_Bathroom_web.jpg,NO_Market_2400,4746,GreySahara,M00,,,Bathroom,Web,,,112.90
305,NO_Market_2400\\Web\\4746_GreySahara\\4746_GreySahara_M6040_Bathroom_web.jpg,NO_Market_2400,4746,GreySahara,M6040,,,Bathroom,Web,,,118.38
306,NO_Market_2400\\Web\\4761_Palermo\\4761_Palermo_M00_Bathroom_web.jpg,NO_Market_2400,4761,Palermo,M00,,,Bathroom,Web,,,111.04
307,NO_Market_2400\\Web\\4761_Palermo\\4761_Palermo_M6030_Bathroom_web.jpg,NO_Market_2400,4761,Palermo,M6030,,,Bathroom,Web,,,145.66
308,NO_Market_2400\\Web\\4761_Palermo\\4761_Palermo_ME88_Bathroom_web.jpg,NO_Market_2400,4761,Palermo,ME88,,,Bathroom,Web,,,190.36
309,NO_Market_2400\\Web\\4943_GreyConcrete\\4943_GreyConcrete_F00_Bathroom_web.jpg,NO_Market_2400,4943,GreyConcrete,F00,,,Bathroom,Web,,,197.69
310,NO_Market_2400\\Web\\4943_GreyConcrete\\4943_GreyConcrete_M63_Bathroom_web.jpg,NO_Market_2400,4943,GreyConcrete,M63,,,Bathroom,Web,,,167.20
311,NO_Market_2400\\Web\\4943_GreyConcrete\\4943_GreyConcrete_ME88_Bathroom_web.jpg,NO_Market_2400,4943,GreyConcrete,ME88,,,Bathroom,Web,,,150.66
312,NO_Market_2400\\Web\\505_Gavot\\505_Gavot_Bathroom_web.jpg,NO_Market_2400,505,Gavot,M00,,,Bathroom,Web,,,102.15
313,NO_Market_2400\\Web\\506_ToscanaMarble\\506_ToscanaMarble_Bathroom_web.jpg,NO_Market_2400,506,ToscanaMarble,M00,,,Bathroom,Web,,,194.84
314,NO_Market_2400\\Web\\5091_AthenWhite\\5091_AthenWhite_M00_Bathroom_web.jpg,NO_Market_2400,5091,AthenWhite,M00,,,Bathroom,Web,,,104.19
315,NO_Market_2400\\Web\\5091_AthenWhite\\5091_AthenWhite_M0303_Bathroom_web.jpg,NO_Market_2400,5091,AthenWhite,M0303,,,Bathroom,Web,,,152.42
316,NO_Market_2400\\Web\\5091_AthenWhite\\5091_AthenWhite_M10_Bathroom_web.jpg,NO_Market_2400,5091,AthenWhite,M10,,,Bathroom,Web,,,149.26
317,NO_Market_2400\\Web\\5091_AthenWhite\\5091_AthenWhite_M3005_Bathroom_web.jpg,NO_Market_2400,5091,AthenWhite,M3005,,,Bathroom,Web,,,123.02
318,NO_Market_2400\\Web\\5091_AthenWhite\\5091_AthenWhite_M6015_Bathroom_web.jpg,NO_Market_2400,5091,AthenWhite,M6015,,,Bathroom,Web,,,142.79
319,NO_Market_2400\\Web\\5091_AthenWhite\\5091_AthenWhite_M6020_Bathroom_web.jpg,NO_Market_2400,5091,AthenWhite,M6020,,,Bathroom,Web,,,102.53
320,NO_Market_2400\\Web\\5091_AthenWhite\\5091_AthenWhite_M6030_Bathroom_web.jpg,NO_Market_2400,5091,AthenWhite,M6030,,,Bathroom,Web,,,157.77
321,NO_Market_2400\\Web\\5091_AthenWhite\\5091_AthenWhite_M6040_Bathroom_web.jpg,NO_Market_2400,5091,AthenWhite,M6040,,,Bathroom,Web,,,171.05
322,NO_Market_2400\\Web\\5091_AthenWhite\\5091_AthenWhite_M6060_Bathroom_web.jpg,NO_Market_2400,5091,AthenWhite,M6060,,,Bathroom,Web,,,112.64
323,NO_Market_2400\\Web\\5200_WarmGrey\\5200_WarmGrey_M00_Bathroom_web.jpg,NO_Market_2400,5200,WarmGrey,M00,,,Bathroom,Web,,,198.89
324,NO_Market_2400\\Web\\5200_WarmGrey\\5200_WarmGrey_M0303_Bathroom_web.jpg,NO_Market_2400,5200,WarmGrey,M0303,,,Bathroom,Web,,,144.42
325,NO_Market_2400\\Web\\5200_WarmGrey\\5200_WarmGrey_M10_Bathroom_web.jpg,NO_Market_2400,5200,WarmGrey,M10,,,Bathroom,Web,,,188.19
326,NO_Market_2400\\Web\\5200_WarmGrey\\5200_WarmGrey_M3005_Bathroom_web.jpg,NO_Market_2400,5200,WarmGrey,M3005,,,Bathroom,Web,,,198.97
327,NO_Market_2400\\Web\\5200_WarmGrey\\5200_WarmGrey_M6015_Bathroom_web.jpg,NO_Market_2400,5200,WarmGrey,M6015,,,Bathroom,Web,,,101.55
328,NO_Market_2400\\Web\\5200_WarmGrey\\5200_WarmGrey_M6020_Bathroom_web.jpg,NO_Market_2400,5200,WarmGrey,M6020,,,Bathroom,Web,,,163.90
329,NO_Market_2400\\Web\\5200_WarmGrey\\5200_WarmGrey_M6030_Bathroom_web.jpg,NO_Market_2400,5200,WarmGrey,M6030,,,Bathroom,Web,,,130.99
330,NO_Market_2400\\Web\\5200_WarmGrey\\5200_WarmGrey_M6040_Bathroom_web.jpg,NO_Market_2400,5200,WarmGrey,M6040,,,Bathroom,Web,,,122.26
331,NO_Market_2400\\Web\\5200_WarmGrey\\5200_WarmGrey_M6060_Bathroom_web.jpg,NO_Market_2400,5200,WarmGrey,M6060,,,Bathroom,Web,,,169.29
332,NO_Market_2400\\Web\\5203_FrozenBlue\\5203_FrozenBlue_F00_Bathroom_web.jpg,NO_Market_2400,5203,FrozenBlue,F00,,,Bathroom,Web,,,192.01
333,NO_Market_2400\\Web\\5203_FrozenBlue\\5203_FrozenBlue_M0303_Bathroom_web.jpg,NO_Market_2400,5203,FrozenBlue,M0303,,,Bathroom,Web,,,106.97
334,NO_Market_2400\\Web\\5203_FrozenBlue\\5203_FrozenBlue_M10_Bathroom_web.jpg,NO_Market_2400,5203,FrozenBlue,M10,,,Bathroom,Web,,,132.76
335,NO_Market_2400\\Web\\5203_FrozenBlue\\5203_FrozenBlue_M3005_Bathroom_web.jpg,NO_Market_2400,5203,FrozenBlue,M3005,,,Bathroom,Web,,,182.80
336,NO_Market_2400\\Web\\5203_FrozenBlue\\5203_FrozenBlue_M6015_Bathroom_web.jpg,NO_Market_2400,5203,FrozenBlue,M6015,,,Bathroom,Web,,,158.01
337,NO_Market_2400\\Web\\5203_FrozenBlue\\5203_FrozenBlue_M6020_Bathroom_web.jpg,NO_Market_2400,5203,FrozenBlue,M6020,,,Bathroom,Web,,,179.51
338,NO_Market_2400\\Web\\5203_FrozenBlue\\5203_FrozenBlue_M6030_Bathroom_web.jpg,NO_Market_2400,5203,FrozenBlue,M6030,,,Bathroom,Web,,,146.41
339,NO_Market_2400\\Web\\5203_FrozenBlue\\5203_FrozenBlue_M6040_Bathroom_web.jpg,NO_Market_2400,5203,FrozenBlue,M6040,,,Bathroom,Web,,,119.84
340,NO_Market_2400\\Web\\5203_FrozenBlue\\5203_FrozenBlue_M6060_Bathroom_web.jpg,NO_Market_2400,5203,FrozenBlue,M6060,,,Bathroom,Web,,,119.17
341,NO_Market_2400\\Web\\5206_Olivegreen\\5206_Olivegreen_M00_Bathroom_web.jpg,NO_Market_2400,5206,Olivegreen,M00,,,Bathroom,Web,,,196.02
342,NO_Market_2400\\Web\\5206_Olivegreen\\5206_Olivegreen_M0303_Bathroom_web.jpg,NO_Market_2400,5206,Olivegreen,M0303,,,Bathroom,Web,,,174.66
343,NO_Market_2400\\Web\\5206_Olivegreen\\5206_Olivegreen_M10_Bathroom_web.jpg,NO_Market_2400,5206,Olivegreen,M10,,,Bathroom,Web,,,136.61
344,NO_Market_2400\\Web\\5206_Olivegreen\\5206_Olivegreen_M3005_Bathroom_web.jpg,NO_Market_2400,5206,Olivegreen,M3005,,,Bathroom,Web,,,109.60
345,NO_Market_2400\\Web\\5206_Olivegreen\\5206_Olivegreen_M6015_Bathroom_web.jpg,NO_Market_2400,5206,Olivegreen,M6015,,,Bathroom,Web,,,164.00
346,NO_Market_2400\\Web\\5206_Olivegreen\\5206_Olivegreen_M6020_Bathroom_web.jpg,NO_Market_2400,5206,Olivegreen,M6020,,,Bathroom,Web,,,173.43
347,NO_Market_2400\\Web\\5206_Olivegreen\\5206_Olivegreen_M6030_Bathroom_web.jpg,NO_Market_2400,5206,Olivegreen,M6030,,,Bathroom,Web,,,138.14
348,NO_Market_2400\\Web\\5206_Olivegreen\\5206_Olivegreen_M6040_Bathroom_web.jpg,NO_Market_2400,5206,Olivegreen,M6040,,,Bathroom,Web,,,128.36
349,NO_Market_2400\\Web\\5206_Olivegreen\\5206_Olivegreen_M6060_Bathroom_web.jpg,NO_Market_2400,5206,Olivegreen,M6060,,,Bathroom,Web,,,167.15
350,NO_Market_2400\\Web\\5207_CamoGreen\\5207_CamoGreen_F00_Bathroom_web.jpg,NO_Market_2400,5207,CamoGreen,F00,,,Bathroom,Web,,,106.88
351,NO_Market_2400\\Web\\5207_CamoGreen\\5207_CamoGreen_M0303_Bathroom_web.jpg,NO_Market_2400,5207,CamoGreen,M0303,,,Bathroom,Web,,,132.61
352,NO_Market_2400\\Web\\5207_CamoGreen\\5207_CamoGreen_M10_Bathroom_web.jpg,NO_Market_2400,5207,CamoGreen,M10,,,Bathroom,Web,,,170.57
353,NO_Market_2400\\Web\\5207_CamoGreen\\5207_CamoGreen_M3005_Bathroom_web.jpg,NO_Market_2400,5207,CamoGreen,M3005,,,Bathroom,Web,,,123.69
354,NO_Market_2400\\Web\\5207_CamoGreen\\5207_CamoGreen_M6015_Bathroom_web.jpg,NO_Market_2400,5207,CamoGreen,M6015,,,Bathroom,Web,,,115.86
355,NO_Market_2400\\Web\\5207_CamoGreen\\5207_CamoGreen_M6020_Bathroom_web.jpg,NO_Market_2400,5207,CamoGreen,M6020,,,Bathroom,Web,,,154.10
356,NO_Market_2400\\Web\\5207_CamoGreen\\5207_CamoGreen_M6030_Bathroom_web.jpg,NO_Market_2400,5207,CamoGreen,M6030,,,Bathroom,Web,,,106.11
357,NO_Market_2400\\Web\\5207_CamoGreen\\5207_CamoGreen_M6040_Bathroom_web.jpg,NO_Market_2400,5207,CamoGreen,M6040,,,Bathroom,Web,,,140.58
358,NO_Market_2400\\Web\\5207_CamoGreen\\5207_CamoGreen_M6060_Bathroom_web.jpg,NO_Market_2400,5207,CamoGreen,M6060,,,Bathroom,Web,,,136.92
359,NO_Market_2400\\Web\\520_Ivory\\520_Ivory_Bathroom_web.jpg,NO_Market_2400,520,Ivory,M00,,,Bathroom,Web,,,194.62
360,NO_Market_2400\\Web\\5223_Yellow\\5223_Yellow_F00_Bathroom_web.jpg,NO_Market_2400,5223,Yellow,F00,,,Bathroom,Web,,,161.84
361,NO_Market_2400\\Web\\5223_Yellow\\5223_Yellow_M0303_Bathroom_web.jpg,NO_Market_2400,5223,Yellow,M0303,,,Bathroom,Web,,,164.78
362,NO_Market_2400\\Web\\5223_Yellow\\5223_Yellow_M10_Bathroom_web.jpg,NO_Market_2400,5223,Yellow,M10,,,Bathroom,Web,,,116.59
363,NO_Market_2400\\Web\\5223_Yellow\\5223_Yellow_M3005_Bathroom_web.jpg,NO_Market_2400,5223,Yellow,M3005,,,Bathroom,Web,,,140.75
364,NO_Market_2400\\Web\\5223_Yellow\\5223_Yellow_M6015_Bathroom_web.jpg,NO_Market_2400,5223,Yellow,M6015,,,Bathroom,Web,,,184.05
365,NO_Market_2400\\Web\\5223_Yellow\\5223_Yellow_M6020_Bathroom_web.jpg,NO_Market_2400,5223,Yellow,M6020,,,Bathroom,Web,,,178.44
366,NO_Market_2400\\Web\\5223_Yellow\\5223_Yellow_M6030_Bathroom_web.jpg,NO_Market_2400,5223,Yellow,M6030,,,Bathroom,Web,,,135.56
367,NO_Market_2400\\Web\\5223_Yellow\\5223_Yellow_M6040_Bathroom_web.jpg,NO_Market_2400,5223,Yellow,M6040,,,Bathroom,Web,,,105.44
368,NO_Market_2400\\Web\\5223_Yellow\\5223_Yellow_M6060_Bathroom_web.jpg,NO_Market_2400,5223,Yellow,M6060,,,Bathroom,Web,,,184.58
369,NO_Market_2400\\Web\\5230_SmokeyBlue\\5230_SmokeyBlue_M00_Bathroom_web.jpg,NO_Market_2400,5230,SmokeyBlue,M00,,,Bathroom,Web,,,124.73
370,NO_Market_2400\\Web\\5230_SmokeyBlue\\5230_SmokeyBlue_M0303_Bathroom_web.jpg,NO_Market_2400,5230,SmokeyBlue,M0303,,,Bathroom,Web,,,149.26
371,NO_Market_2400\\Web\\5230_SmokeyBlue\\5230_SmokeyBlue_M10_Bathroom_web.jpg,NO_Market_2400,5230,SmokeyBlue,M10,,,Bathroom,Web,,,158.32
372,NO_Market_2400\\Web\\5230_SmokeyBlue\\5230_SmokeyBlue_M3005_Bathroom_web.jpg,NO_Market_2400,5230,SmokeyBlue,M3005,,,Bathroom,Web,,,179.97
373,NO_Market_2400\\Web\\5230_SmokeyBlue\\5230_SmokeyBlue_M6015_Bathroom_web.jpg,NO_Market_2400,5230,SmokeyBlue,M6015,,,Bathroom,Web,,,190.90
374,NO_Market_2400\\Web\\5230_SmokeyBlue\\5230_SmokeyBlue_M6020_Bathroom_web.jpg,NO_Market_2400,5230,SmokeyBlue,M6020,,,Bathroom,Web,,,136.40
375,NO_Market_2400\\Web\\5230_SmokeyBlue\\5230_SmokeyBlue_M6030_Bathroom_web.jpg,NO_Market_2400,5230,SmokeyBlue,M6030,,,Bathroom,Web,,,116.09
376,NO_Market_2400\\Web\\5230_SmokeyBlue\\5230_SmokeyBlue_M6040_Bathroom_web.jpg,NO_Market_2400,5230,SmokeyBlue,M6040,,,Bathroom,Web,,,111.48
377,NO_Market_2400\\Web\\5230_SmokeyBlue\\5230_SmokeyBlue_M6060_Bathroom_web.jpg,NO_Market_2400,5230,SmokeyBlue,M6060,,,Bathroom,Web,,,141.96
378,NO_Market_2400\\Web\\5233_LightSand\\5233_LightSand_M00_Bathroom_web.jpg,NO_Market_2400,5233,LightSand,M00,,,Bathroom,Web,,,188.11
379,NO_Market_2400\\Web\\5233_LightSand\\5233_LightSand_M0303_Bathroom_web.jpg,NO_Market_2400,5233,LightSand,M0303,,,Bathroom,Web,,,192.30
380,NO_Market_2400\\Web\\5233_LightSand\\5233_LightSand_M10_Bathroom_web.jpg,NO_Market_2400,5233,LightSand,M10,,,Bathroom,Web,,,135.62
381,NO_Market_2400\\Web\\5233_LightSand\\5233_LightSand_M3005_Bathroom_web.jpg,NO_Market_2400,5233,LightSand,M3005,,,Bathroom,Web,,,109.52
382,NO_Market_2400\\Web\\5233_LightSand\\5233_LightSand_M6015_Bathroom_web.jpg,NO_Market_2400,5233,LightSand,M6015,,,Bathroom,Web,,,174.32
383,NO_Market_2400\\Web\\5233_LightSand\\5233_LightSand_M6020_Bathroom_web.jpg,NO_Market_2400,5233,LightSand,M6020,,,Bathroom,Web,,,137.13
384,NO_Market_2400\\Web\\5233_LightSand\\5233_LightSand_M6030_Bathroom_web.jpg,NO_Market_2400,5233,LightSand,M6030,,,Bathroom,Web,,,108.95
385,NO_Market_2400\\Web\\5233_LightSand\\5233_LightSand_M6040_Bathroom_web.jpg,NO_Market_2400,5233,LightSand,M6040,,,Bathroom,Web,,,116.15
386,NO_Market_2400\\Web\\5233_LightSand\\5233_LightSand_M6060_Bathroom_web.jpg,NO_Market_2400,5233,LightSand,M6060,,,Bathroom,Web,,,170.25
387,NO_Market_2400\\Web\\5342_Sahara\\5342_Sahara_F00_Bathroom_web.jpg,NO_Market_2400,5342,Sahara,F00,,,Bathroom,Web,,,148.68
388,NO_Market_2400\\Web\\5342_Sahara\\5342_Sahara_M63_Bathroom_web.jpg,NO_Market_2400,5342,Sahara,M63,,,Bathroom,Web,,,187.29
389,NO_Market_2400\\Web\\5342_Sahara\\5342_Sahara_M66_Bathroom_web.jpg,NO_Market_2400,5342,Sahara,M66,,,Bathroom,Web,,,122.76
390,NO_Market_2400\\Web\\5746_GreySand\\5746_GreySand_Bathroom_web.jpg,NO_Market_2400,5746,GreySand,M00,,,Bathroom,Web,,,131.40
391,NO_Market_2400\\Web\\6230_MidnightBlue\\6230_MidnightBlue_F00_Bathroom_web.jpg,NO_Market_2400,6230,MidnightBlue,F00,,,Bathroom,Web,,,100.70
392,NO_Market_2400\\Web\\6230_MidnightBlue\\6230_MidnightBlue_M0303_Bathroom_web.jpg,NO_Market_2400,6230,MidnightBlue,M0303,,,Bathroom,Web,,,172.40
393,NO_Market_2400\\Web\\6230_MidnightBlue\\6230_MidnightBlue_M10_Bathroom_web.jpg,NO_Market_2400,6230,MidnightBlue,M10,,,Bathroom,Web,,,132.98
394,NO_Market_2400\\Web\\6230_MidnightBlue\\6230_MidnightBlue_M3005_Bathroom_web.jpg,NO_Market_2400,6230,MidnightBlue,M3005,,,Bathroom,Web,,,144.99
395,NO_Market_2400\\Web\\6230_MidnightBlue\\6230_MidnightBlue_M6015_Bathroom_web.jpg,NO_Market_2400,6230,MidnightBlue,M6015,,,Bathroom,Web,,,159.92
396,NO_Market_2400\\Web\\6230_MidnightBlue\\6230_MidnightBlue_M6020_Bathroom_web.jpg,NO_Market_2400,6230,MidnightBlue,M6020,,,Bathroom,Web,,,144.99
397,NO_Market_2400\\Web\\6230_MidnightBlue\\6230_MidnightBlue_M6030_Bathroom_web.jpg,NO_Market_2400,6230,MidnightBlue,M6030,,,Bathroom,Web,,,136.67
398,NO_Market_2400\\Web\\6230_MidnightBlue\\6230_MidnightBlue_M6040_Bathroom_web.jpg,NO_Market_2400,6230,MidnightBlue,M6040,,,Bathroom,Web,,,119.22
399,NO_Market_2400\\Web\\6230_MidnightBlue\\6230_MidnightBlue_M6060_Bathroom_web.jpg,NO_Market_2400,6230,MidnightBlue,M6060,,,Bathroom,Web,,,141.33
400,NO_Market_2400\\Web\\6274_DustyBlue\\6274_DustyBlue_M00_Bathroom_web.jpg,NO_Market_2400,6274,DustyBlue,M00,,,Bathroom,Web,,,180.84
401,NO_Market_2400\\Web\\6274_DustyBlue\\6274_DustyBlue_M0303_Bathroom_web.jpg,NO_Market_2400,6274,DustyBlue,M0303,,,Bathroom,Web,,,170.25
402,NO_Market_2400\\Web\\6274_DustyBlue\\6274_DustyBlue_M10_Bathroom_web.jpg,NO_Market_2400,6274,DustyBlue,M10,,,Bathroom,Web,,,120.92
403,NO_Market_2400\\Web\\6274_DustyBlue\\6274_DustyBlue_M3005_Bathroom_web.jpg,NO_Market_2400,6274,DustyBlue,M3005,,,Bathroom,Web,,,141.17
404,NO_Market_2400\\Web\\6274_DustyBlue\\6274_DustyBlue_M6015_Bathroom_web.jpg,NO_Market_2400,6274,DustyBlue,M6015,,,Bathroom,Web,,,191.57
405,NO_Market_2400\\Web\\6274_DustyBlue\\6274_DustyBlue_M6020_Bathroom_web.jpg,NO_Market_2400,6274,DustyBlue,M6020,,,Bathroom,Web,,,196.93
406,NO_Market_2400\\Web\\6274_DustyBlue\\6274_DustyBlue_M6030_Bathroom_web.jpg,NO_Market_2400,6274,DustyBlue,M6030,,,Bathroom,Web,,,131.80
407,NO_Market_2400\\Web\\6274_DustyBlue\\6274_DustyBlue_M6040_Bathroom_web.jpg,NO_Market_2400,6274,DustyBlue,M6040,,,Bathroom,Web,,,162.91
408,NO_Market_2400\\Web\\6274_DustyBlue\\6274_DustyBlue_M6060_Bathroom_web.jpg,NO_Market_2400,6274,DustyBlue,M6060,,,Bathroom,Web,,,107.66
409,NO_Market_2400\\Web\\7969_RoughWood\\7969_RoughWood_F00_Bathroom_web.jpg,NO_Market_2400,7969,RoughWood,F00,,,Bathroom,Web,,,185.48
410,NO_Market_2400\\Web\\7969_RoughWood\\7969_RoughWood_M66_Bathroom_web.jpg,NO_Market_2400,7969,RoughWood,M66,,,Bathroom,Web,,,155.16
411,NO_Market_2400\\Web\\8053_LentiniGrey\\8053_LentiniGrey_M00_Bathroom_web.jpg,NO_Market_2400,8053,LentiniGrey,M00,,,Bathroom,Web,,,178.66
412,NO_Market_2400\\Web\\8053_LentiniGrey\\8053_LentiniGrey_M6030_Bathroom_web.jpg,NO_Market_2400,8053,LentiniGrey,M6030,,,Bathroom,Web,,,176.25
413,NO_Market_2400\\Web\\8054_LentiniLight\\8054_LentiniLight_M00_Bathroom_web.jpg,NO_Market_2400,8054,LentiniLight,M00,,,Bathroom,Web,,,155.99
414,NO_Market_2400\\Web\\8054_LentiniLight\\8054_LentiniLight_M6040_Bathroom_web.jpg,NO_Market_2400,8054,LentiniLight,M6040,,,Bathroom,Web,,,154.89
415,NO_Market_2400\\Web\\8056_LentiniDark\\8056_LentiniDark_M00_Bathroom_web.jpg,NO_Market_2400,8056,LentiniDark,M00,,,Bathroom,Web,,,169.69
416,NO_Market_2400\\Web\\8056_LentiniDark\\8056_LentiniDark_M6040_Bathroom_web.jpg,NO_Market_2400,8056,LentiniDark,M6040,,,Bathroom,Web,,,158.14
